as_of_date,rank,pitcher,rating
2026-07-11,1,Zack Wheeler,1628.2
2026-07-11,2,Max Fried,1617.7
2026-07-11,3,Logan Gilbert,1605.6
2026-07-11,4,Chris Sale,1603.1
2026-07-11,5,Tarik Skubal,1600.8
2026-07-11,6,Gerrit Cole,1590.5
2026-07-11,7,Jacob deGrom,1587.8
2026-07-11,8,Logan Webb,1585.6
2026-07-11,9,Blake Snell,1583.2
2026-07-11,10,Framber Valdez,1574.2
2026-07-11,11,Tyler Glasnow,1573.9
2026-07-11,12,Corbin Burnes,1573.5
2026-07-11,13,Cristopher Sánchez,1570.5
2026-07-11,14,Freddy Peralta,1569.3
2026-07-11,15,Tanner Bibee,1566.3
2026-07-11,16,Yoshinobu Yamamoto,1565.5
2026-07-11,17,Ranger Suarez,1565.2
2026-07-11,18,Sonny Gray,1564.5
2026-07-11,19,Garrett Crochet,1564.4
2026-07-11,20,Shane McClanahan,1564.2
2026-07-11,21,Kevin Gausman,1563.4
2026-07-11,22,George Kirby,1563.2
2026-07-11,23,Shane Bieber,1562.6
2026-07-11,24,Carlos Rodón,1562.1
2026-07-11,25,Kyle Bradish,1562.0
2026-07-11,26,Clayton Kershaw,1561.9
2026-07-11,27,Nathan Eovaldi,1561.2
2026-07-11,28,Andrew Abbott,1560.7
2026-07-11,29,Paul Skenes,1557.9
2026-07-11,30,Brandon Woodruff,1557.1
2026-07-11,31,Dylan Cease,1556.3
2026-07-11,32,Shota Imanaga,1554.4
2026-07-11,33,Joe Musgrove,1553.7
2026-07-11,34,José Berríos,1553.0
2026-07-11,35,Robbie Ray,1552.7
2026-07-11,36,Shohei Ohtani,1552.3
2026-07-11,37,Nick Martinez,1550.3
2026-07-11,38,Jameson Taillon,1550.2
2026-07-11,39,Drew Rasmussen,1550.0
2026-07-11,40,Yu Darvish,1547.7
2026-07-11,41,Michael Wacha,1546.9
2026-07-11,42,Merrill Kelly,1545.9
2026-07-11,43,Nick Pivetta,1543.2
2026-07-11,44,Michael King,1542.9
2026-07-11,45,Sandy Alcantara,1541.5
2026-07-11,46,Reynaldo López,1540.6
2026-07-11,47,Alek Manoah,1539.8
2026-07-11,48,Julio Urías,1539.3
2026-07-11,49,Max Scherzer,1538.6
2026-07-11,50,Bryan Woo,1537.9
2026-07-11,51,Hunter Brown,1535.2
2026-07-11,52,Clarke Schmidt,1534.9
2026-07-11,53,Jose Quintana,1534.7
2026-07-11,54,Gavin Williams,1534.7
2026-07-11,55,Hunter Greene,1533.8
2026-07-11,56,Luis Castillo,1533.5
2026-07-11,57,Cam Schlittler,1533.0
2026-07-11,58,Justin Verlander,1532.0
2026-07-11,59,Luis Garcia,1530.8
2026-07-11,60,Kodai Senga,1530.2
2026-07-11,61,Spencer Schwellenbach,1530.1
2026-07-11,62,Joey Cantillo,1530.1
2026-07-11,63,Ronel Blanco,1530.1
2026-07-11,64,Jacob Misiorowski,1529.2
2026-07-11,65,Parker Messick,1527.9
2026-07-11,66,Walker Buehler,1527.2
2026-07-11,67,Shane Baz,1527.1
2026-07-11,68,Keider Montero,1526.8
2026-07-11,69,Clay Holmes,1526.7
2026-07-11,70,Triston McKenzie,1526.7
2026-07-11,71,Connelly Early,1526.2
2026-07-11,72,Joe Ryan,1526.1
2026-07-11,73,Javier Assad,1525.7
2026-07-11,74,Jesús Luzardo,1525.3
2026-07-11,75,Wade Miley,1525.2
2026-07-11,76,Tony Gonsolin,1524.6
2026-07-11,77,Casey Mize,1524.0
2026-07-11,78,Marcus Stroman,1523.5
2026-07-11,79,Kyle Harrison,1522.5
2026-07-11,80,Nick Lodolo,1522.4
2026-07-11,81,Spencer Strider,1522.3
2026-07-11,82,Ben Lively,1522.3
2026-07-11,83,Troy Melton,1522.1
2026-07-11,84,Randy Vásquez,1521.5
2026-07-11,85,Bryce Miller,1521.4
2026-07-11,86,Andre Pallante,1521.3
2026-07-11,87,Nestor Cortes,1521.3
2026-07-11,88,José Urquidy,1521.1
2026-07-11,89,Luis Gil,1520.5
2026-07-11,90,Chad Patrick,1520.5
2026-07-11,91,Trevor Bauer,1520.0
2026-07-11,92,Cole Irvin,1519.8
2026-07-11,93,Martín Pérez,1519.7
2026-07-11,94,Ben Brown,1519.3
2026-07-11,95,Chase Burns,1519.2
2026-07-11,96,Ryan Pepiot,1518.2
2026-07-11,97,Mike Clevinger,1518.2
2026-07-11,98,Cade Horton,1518.1
2026-07-11,99,Alex Cobb,1517.6
2026-07-11,100,Tomoyuki Sugano,1517.6
2026-07-11,101,Chris Bassitt,1517.1
2026-07-11,102,Grant Holmes,1516.8
2026-07-11,103,Cooper Criswell,1516.6
2026-07-11,104,Zac Gallen,1516.0
2026-07-11,105,Kwang Hyun Kim,1515.9
2026-07-11,106,Brent Suter,1515.7
2026-07-11,107,Quinn Priester,1515.7
2026-07-11,108,Tyler Wells,1515.7
2026-07-11,109,Stephen Kolek,1515.6
2026-07-11,110,Beau Brieske,1515.3
2026-07-11,111,Carmen Mlodzinski,1514.7
2026-07-11,112,Eduardo Rodriguez,1514.6
2026-07-11,113,Adam Wainwright,1514.4
2026-07-11,114,J.T. Ginn,1514.2
2026-07-11,115,Cole Ragans,1514.0
2026-07-11,116,Braxton Ashcraft,1513.9
2026-07-11,117,Domingo Germán,1513.8
2026-07-11,118,Zach Eflin,1513.8
2026-07-11,119,Matthew Boyd,1513.4
2026-07-11,120,Seth Lugo,1513.1
2026-07-11,121,Noah Cameron,1512.5
2026-07-11,122,Tylor Megill,1512.1
2026-07-11,123,Landen Roupp,1511.9
2026-07-11,124,Michael McGreevy,1511.9
2026-07-11,125,Kyle Leahy,1511.6
2026-07-11,126,Jacob Latz,1511.5
2026-07-11,127,Logan Henderson,1511.4
2026-07-11,128,Pablo López,1511.3
2026-07-11,129,Zack Littell,1511.2
2026-07-11,130,Eric Lauer,1511.0
2026-07-11,131,Nolan McLean,1511.0
2026-07-11,132,Braxton Garrett,1510.9
2026-07-11,133,Jared Koenig,1510.6
2026-07-11,134,Anthony DeSclafani,1510.5
2026-07-11,135,Jalen Beeks,1510.3
2026-07-11,136,Bowden Francis,1510.2
2026-07-11,137,Justin Steele,1510.2
2026-07-11,138,Bryce Elder,1510.1
2026-07-11,139,Walbert Ureña,1509.9
2026-07-11,140,Braydon Fisher,1509.7
2026-07-11,141,Trey Yesavage,1509.4
2026-07-11,142,Adrian Houser,1509.3
2026-07-11,143,Adrian Sampson,1509.2
2026-07-11,144,Jake Bennett,1508.9
2026-07-11,145,Reese Olson,1508.7
2026-07-11,146,Lance Lynn,1508.5
2026-07-11,147,Gage Jump,1508.4
2026-07-11,148,Tyler Alexander,1508.4
2026-07-11,149,Ryan Burr,1508.3
2026-07-11,150,Louis Varland,1508.3
2026-07-11,151,Tyler Phillips,1508.0
2026-07-11,152,Mick Abel,1508.0
2026-07-11,153,Grant Taylor,1507.8
2026-07-11,154,Anthony Kay,1507.7
2026-07-11,155,Gavin Stone,1507.6
2026-07-11,156,Frankie Montas,1507.6
2026-07-11,157,Wandy Peralta,1507.5
2026-07-11,158,Marco Gonzales,1507.4
2026-07-11,159,Mason Montgomery,1507.4
2026-07-11,160,River Ryan,1507.4
2026-07-11,161,Kyle Wright,1507.3
2026-07-11,162,José Buttó,1507.2
2026-07-11,163,Sam Long,1507.1
2026-07-11,164,Foster Griffin,1507.1
2026-07-11,165,Ryan Bergert,1506.9
2026-07-11,166,Ian Seymour,1506.9
2026-07-11,167,Brusdar Graterol,1506.9
2026-07-11,168,Huascar Brazobán,1506.8
2026-07-11,169,Landon Knack,1506.8
2026-07-11,170,Brandon Hughes,1506.7
2026-07-11,171,John Means,1506.5
2026-07-11,172,Sean Burke,1506.4
2026-07-11,173,Jackson Jobe,1506.4
2026-07-11,174,Danny Duffy,1506.3
2026-07-11,175,Tyler Mahle,1506.1
2026-07-11,176,Kenny Rosenberg,1506.1
2026-07-11,177,Josiah Gray,1506.0
2026-07-11,178,Dustin May,1505.9
2026-07-11,179,Collin McHugh,1505.9
2026-07-11,180,Will Klein,1505.8
2026-07-11,181,Lake Bachar,1505.8
2026-07-11,182,Jimmy Lambert,1505.8
2026-07-11,183,Bradgley Rodriguez,1505.8
2026-07-11,184,Luis Morales,1505.7
2026-07-11,185,AJ Smith-Shawver,1505.7
2026-07-11,186,Brenan Hanifee,1505.6
2026-07-11,187,Corey Knebel,1505.6
2026-07-11,188,Cody Poteet,1505.6
2026-07-11,189,Kolby Allard,1505.5
2026-07-11,190,Janson Junk,1505.4
2026-07-11,191,Cole Sulser,1505.4
2026-07-11,192,Jesus Tinoco,1505.3
2026-07-11,193,Drey Jameson,1505.2
2026-07-11,194,Johnny Cueto,1505.1
2026-07-11,195,Bryan Hudson,1505.1
2026-07-11,196,Brant Hurter,1505.0
2026-07-11,197,Devin Smeltzer,1504.8
2026-07-11,198,A.J. Alexy,1504.6
2026-07-11,199,Jordan Montgomery,1504.6
2026-07-11,200,Luinder Avila,1504.6
2026-07-11,201,Justin Wrobleski,1504.5
2026-07-11,202,Brandon Eisert,1504.5
2026-07-11,203,Sixto Sánchez,1504.4
2026-07-11,204,Ryan Borucki,1504.4
2026-07-11,205,Carson Whisenhunt,1504.4
2026-07-11,206,Hyun Jin Ryu,1504.4
2026-07-11,207,Josh Winder,1504.2
2026-07-11,208,Steven Brault,1504.1
2026-07-11,209,Davis Martin,1504.0
2026-07-11,210,Mason Fluharty,1504.0
2026-07-11,211,John Schreiber,1503.9
2026-07-11,212,Luis Diaz,1503.8
2026-07-11,213,Shane Drohan,1503.8
2026-07-11,214,Caleb Ferguson,1503.7
2026-07-11,215,Jakob Junis,1503.7
2026-07-11,216,Jovani Morán,1503.6
2026-07-11,217,Adrian Morejon,1503.6
2026-07-11,218,Hunter Bigge,1503.6
2026-07-11,219,Victor González,1503.5
2026-07-11,220,Bryan Garcia,1503.4
2026-07-11,221,Chris Ellis,1503.4
2026-07-11,222,Drew Smyly,1503.4
2026-07-11,223,Luke Farrell,1503.4
2026-07-11,224,Josh Winckowski,1503.3
2026-07-11,225,Eduardo Rivera,1503.3
2026-07-11,226,Trevor Rogers,1503.3
2026-07-11,227,Brett Kennedy,1503.2
2026-07-11,228,Cody Morris,1503.2
2026-07-11,229,Matt Peacock,1503.2
2026-07-11,230,Charlie Barnes,1503.2
2026-07-11,231,Michael Pineda,1503.1
2026-07-11,232,Brandon Sproat,1503.1
2026-07-11,233,Miguel Díaz,1503.1
2026-07-11,234,Easton McGee,1503.1
2026-07-11,235,Matt Gage,1503.1
2026-07-11,236,Josh Staumont,1503.1
2026-07-11,237,Casey Legumina,1503.1
2026-07-11,238,Ryan Rolison,1503.1
2026-07-11,239,J.P. Feyereisen,1503.1
2026-07-11,240,Kris Bubic,1503.1
2026-07-11,241,Trevor McDonald,1503.1
2026-07-11,242,Jonathan Loáisiga,1502.9
2026-07-11,243,Shelby Miller,1502.9
2026-07-11,244,Garrett Hill,1502.8
2026-07-11,245,Scott Alexander,1502.8
2026-07-11,246,Kohl Stewart,1502.7
2026-07-11,247,Jimmy Herget,1502.7
2026-07-11,248,Andrew Kittredge,1502.6
2026-07-11,249,Spencer Turnbull,1502.6
2026-07-11,250,Hogan Harris,1502.6
2026-07-11,251,John Curtiss,1502.5
2026-07-11,252,Tobias Myers,1502.5
2026-07-11,253,Hoby Milner,1502.5
2026-07-11,254,Elvis Peguero,1502.4
2026-07-11,255,Matt Svanson,1502.4
2026-07-11,256,Nick Neidert,1502.4
2026-07-11,257,Paxton Schultz,1502.3
2026-07-11,258,Julian Merryweather,1502.3
2026-07-11,259,Randy Rodríguez,1502.3
2026-07-11,260,Miguel Castro,1502.3
2026-07-11,261,José De León,1502.3
2026-07-11,262,Pedro Avila,1502.3
2026-07-11,263,Ian Anderson,1502.2
2026-07-11,264,Bryan Shaw,1502.2
2026-07-11,265,Kyle Tyler,1502.2
2026-07-11,266,Jhony Brito,1502.2
2026-07-11,267,Robert Gasser,1502.2
2026-07-11,268,Drew Pomeranz,1502.2
2026-07-11,269,Tejay Antone,1502.1
2026-07-11,270,PJ Poulin,1502.1
2026-07-11,271,Angel Zerpa,1502.1
2026-07-11,272,Payton Tolle,1502.1
2026-07-11,273,Ben Braymer,1502.1
2026-07-11,274,Jacob Waguespack,1502.0
2026-07-11,275,John Brebbia,1502.0
2026-07-11,276,Matt Sauer,1502.0
2026-07-11,277,Pierce Johnson,1502.0
2026-07-11,278,Garrett Cleavinger,1502.0
2026-07-11,279,Zach Agnos,1502.0
2026-07-11,280,Shawn Armstrong,1502.0
2026-07-11,281,DL Hall,1501.9
2026-07-11,282,Trevor Megill,1501.9
2026-07-11,283,Juan Mejia,1501.9
2026-07-11,284,Gabriel Hughes,1501.9
2026-07-11,285,Jefry Rodriguez,1501.9
2026-07-11,286,Dominic Leone,1501.9
2026-07-11,287,Justin Bruihl,1501.9
2026-07-11,288,Luis Perdomo,1501.9
2026-07-11,289,Tristan Beck,1501.9
2026-07-11,290,Dillon Peters,1501.8
2026-07-11,291,Peter Lambert,1501.8
2026-07-11,292,Steven Okert,1501.8
2026-07-11,293,Charlie Morton,1501.8
2026-07-11,294,Will Vest,1501.8
2026-07-11,295,Jose Cuas,1501.7
2026-07-11,296,Sam Moll,1501.7
2026-07-11,297,Aaron Slegers,1501.7
2026-07-11,298,Andrew Walters,1501.7
2026-07-11,299,David Robertson,1501.6
2026-07-11,300,Andrew Alvarez,1501.6
2026-07-11,301,Conner Menez,1501.6
2026-07-11,302,Anthony Veneziano,1501.6
2026-07-11,303,Tyler Anderson,1501.6
2026-07-11,304,Calvin Faucher,1501.6
2026-07-11,305,Josh A. Smith,1501.6
2026-07-11,306,Corey Kluber,1501.6
2026-07-11,307,Jackson Rutledge,1501.5
2026-07-11,308,Matt Bowman,1501.5
2026-07-11,309,Austin Davis,1501.5
2026-07-11,310,Caleb Boushley,1501.5
2026-07-11,311,Max Meyer,1501.5
2026-07-11,312,Nick Goody,1501.5
2026-07-11,313,Darius Vines,1501.5
2026-07-11,314,Travis Lakins,1501.4
2026-07-11,315,Mike Fiers,1501.4
2026-07-11,316,Cristian Mena,1501.4
2026-07-11,317,Anthony Bender,1501.4
2026-07-11,318,Jose Alvarez,1501.4
2026-07-11,319,Tony Santillan,1501.4
2026-07-11,320,Kyle Nelson,1501.4
2026-07-11,321,Jordan Zimmermann,1501.3
2026-07-11,322,Pete Fairbanks,1501.3
2026-07-11,323,Joel Payamps,1501.3
2026-07-11,324,Steven Wilson,1501.3
2026-07-11,325,Paul Blackburn,1501.3
2026-07-11,326,Masahiro Tanaka,1501.2
2026-07-11,327,Spencer Bivens,1501.2
2026-07-11,328,Tommy Hunter,1501.2
2026-07-11,329,Chris Stratton,1501.2
2026-07-11,330,Kaleb Ort,1501.2
2026-07-11,331,David Phelps,1501.1
2026-07-11,332,Javy Guerra,1501.1
2026-07-11,333,Jimmy Cordero,1501.1
2026-07-11,334,AJ Blubaugh,1501.1
2026-07-11,335,Chris Mazza,1501.1
2026-07-11,336,Ramón Rosso,1501.1
2026-07-11,337,Tyler Samaniego,1501.1
2026-07-11,338,Eury Pérez,1501.1
2026-07-11,339,Robby Snelling,1501.0
2026-07-11,340,Aaron Sanchez,1501.0
2026-07-11,341,Jhonathan Díaz,1501.0
2026-07-11,342,Randy Dobnak,1501.0
2026-07-11,343,Trevor Richards,1501.0
2026-07-11,344,Garrett Whitlock,1501.0
2026-07-11,345,Alec Mills,1501.0
2026-07-11,346,Daniel Castano,1501.0
2026-07-11,347,Andrew Albers,1500.9
2026-07-11,348,Jonathan Bermúdez,1500.9
2026-07-11,349,Cade Gibson,1500.9
2026-07-11,350,Tyler Clippard,1500.9
2026-07-11,351,Scott Effross,1500.9
2026-07-11,352,Gabe Speier,1500.9
2026-07-11,353,Edwin Uceta,1500.9
2026-07-11,354,Ryan Thompson,1500.9
2026-07-11,355,Anthony Maldonado,1500.9
2026-07-11,356,Caleb Baragar,1500.9
2026-07-11,357,Jonathan Diaz,1500.9
2026-07-11,358,Gerson Garabito,1500.9
2026-07-11,359,Corey Oswalt,1500.9
2026-07-11,360,Tayler Scott,1500.9
2026-07-11,361,Kyle Cody,1500.9
2026-07-11,362,Yerry Rodríguez,1500.9
2026-07-11,363,Riley Martin,1500.9
2026-07-11,364,Stephen Nogosek,1500.9
2026-07-11,365,Jayden Murray,1500.9
2026-07-11,366,Brandon Kintzler,1500.8
2026-07-11,367,Lucas Luetge,1500.8
2026-07-11,368,A.J. Vukovich,1500.8
2026-07-11,369,Zach Pop,1500.8
2026-07-11,370,Aaron Loup,1500.8
2026-07-11,371,Phil Maton,1500.8
2026-07-11,372,Chris Rodriguez,1500.7
2026-07-11,373,Slade Cecconi,1500.7
2026-07-11,374,Mitch Bratt,1500.7
2026-07-11,375,Dean Kremer,1500.7
2026-07-11,376,John Gant,1500.7
2026-07-11,377,Luis Ortiz,1500.7
2026-07-11,378,Conner Greene,1500.7
2026-07-11,379,Nick Sandlin,1500.7
2026-07-11,380,Wily Peralta,1500.6
2026-07-11,381,Jimmy Nelson,1500.6
2026-07-11,382,Homer Bailey,1500.6
2026-07-11,383,Sean Hjelle,1500.6
2026-07-11,384,Ryan Yarbrough,1500.6
2026-07-11,385,Brett Martin,1500.6
2026-07-11,386,Joe Kelly,1500.5
2026-07-11,387,Justin Topa,1500.5
2026-07-11,388,Andrew Bellatti,1500.5
2026-07-11,389,Penn Murfee,1500.5
2026-07-11,390,Jackson Wolf,1500.5
2026-07-11,391,Brady Singer,1500.4
2026-07-11,392,Matt Moore,1500.4
2026-07-11,393,Daniel Ponce de Leon,1500.4
2026-07-11,394,Ian Kennedy,1500.4
2026-07-11,395,Ervin Santana,1500.4
2026-07-11,396,Louis Head,1500.4
2026-07-11,397,Matt Wisler,1500.4
2026-07-11,398,Matt Barnes,1500.3
2026-07-11,399,Joe Mantiply,1500.3
2026-07-11,400,Asher Wojciechowski,1500.3
2026-07-11,401,Duane Underwood Jr.,1500.3
2026-07-11,402,Junior Guerra,1500.3
2026-07-11,403,Michel Baez,1500.2
2026-07-11,404,Ryan Zeferjahn,1500.2
2026-07-11,405,Mason Barnett,1500.2
2026-07-11,406,Justin Dunn,1500.2
2026-07-11,407,Jay Jackson,1500.2
2026-07-11,408,Collin Snider,1500.1
2026-07-11,409,Blair Henley,1500.1
2026-07-11,410,Dylan Lee,1500.1
2026-07-11,411,Jordan Leasure,1500.1
2026-07-11,412,Peyton Battenfield,1500.1
2026-07-11,413,Anthony Banda,1500.1
2026-07-11,414,Daniel Norris,1500.1
2026-07-11,415,Evan Lee,1500.1
2026-07-11,416,Bubba Chandler,1500.0
2026-07-11,417,Robert Stock,1500.0
2026-07-11,418,Nick Wittgren,1500.0
2026-07-11,419,Thomas Hatch,1500.0
2026-07-11,420,Darien Núñez,1500.0
2026-07-11,421,David Morgan,1500.0
2026-07-11,422,Alex Reyes,1500.0
2026-07-11,423,Rico Garcia,1499.9
2026-07-11,424,Mason Englert,1499.9
2026-07-11,425,Taylor Clarke,1499.9
2026-07-11,426,Zach Neal,1499.9
2026-07-11,427,Walter Pennington,1499.9
2026-07-11,428,Aníbal Sánchez,1499.9
2026-07-11,429,Mike Paredes,1499.9
2026-07-11,430,Reed Garrett,1499.8
2026-07-11,431,Robert Dugger,1499.8
2026-07-11,432,Josh Taylor,1499.8
2026-07-11,433,Travis Bergen,1499.8
2026-07-11,434,Jake Bird,1499.8
2026-07-11,435,James McArthur,1499.8
2026-07-11,436,Andre Jackson,1499.8
2026-07-11,437,Brett Anderson,1499.8
2026-07-11,438,Justin Hagenman,1499.8
2026-07-11,439,Sebastian Castro,1499.8
2026-07-11,440,Blake Parker,1499.7
2026-07-11,441,Cole Hamels,1499.7
2026-07-11,442,Jonathan Stiever,1499.7
2026-07-11,443,Joey Lucchesi,1499.7
2026-07-11,444,Dennis Santana,1499.7
2026-07-11,445,Cody Freeman,1499.7
2026-07-11,446,James Kaprielian,1499.7
2026-07-11,447,Josh Sborz,1499.6
2026-07-11,448,Sean Nolin,1499.6
2026-07-11,449,Mason Black,1499.6
2026-07-11,450,Zach Thornton,1499.6
2026-07-11,451,Alex Vesia,1499.5
2026-07-11,452,David Sandlin,1499.5
2026-07-11,453,Gio Gonzalez,1499.5
2026-07-11,454,Brady Basso,1499.5
2026-07-11,455,Hyeon-Jong Yang,1499.5
2026-07-11,456,Burch Smith,1499.5
2026-07-11,457,Blake Walston,1499.5
2026-07-11,458,Michael Mercado,1499.5
2026-07-11,459,Mike Kickham,1499.5
2026-07-11,460,Emilio Pagán,1499.5
2026-07-11,461,Logan Salow,1499.5
2026-07-11,462,Adonis Medina,1499.4
2026-07-11,463,Hunter Gaddis,1499.4
2026-07-11,464,Sam Hentges,1499.4
2026-07-11,465,Bryce Jarvis,1499.4
2026-07-11,466,Derek Law,1499.4
2026-07-11,467,Agustin Acosta,1499.4
2026-07-11,468,David Festa,1499.4
2026-07-11,469,Josh James,1499.4
2026-07-11,470,Adam Macko,1499.4
2026-07-11,471,Adbert Alzolay,1499.3
2026-07-11,472,Brad Peacock,1499.3
2026-07-11,473,Mike Montgomery,1499.3
2026-07-11,474,Elmer Rodríguez,1499.3
2026-07-11,475,Brent Honeywell,1499.3
2026-07-11,476,Zack Thompson,1499.3
2026-07-11,477,Dietrich Enns,1499.3
2026-07-11,478,Jhoulys Chacín,1499.2
2026-07-11,479,Abraham Toro,1499.2
2026-07-11,480,Brendan White,1499.2
2026-07-11,481,Robinson Leyer,1499.1
2026-07-11,482,Joe Jacques,1499.1
2026-07-11,483,Jesse Chavez,1499.1
2026-07-11,484,Kendall Graveman,1499.1
2026-07-11,485,Walker Lockett,1499.1
2026-07-11,486,Dany Jiménez,1499.1
2026-07-11,487,Mauricio Llovera,1499.0
2026-07-11,488,Riley O'Brien,1499.0
2026-07-11,489,Robbie Erlin,1499.0
2026-07-11,490,Jason Alexander,1499.0
2026-07-11,491,Shinnosuke Ogasawara,1499.0
2026-07-11,492,Luis Patiño,1499.0
2026-07-11,493,Carson Fulmer,1498.9
2026-07-11,494,Robert Gsellman,1498.9
2026-07-11,495,Nick Margevicius,1498.9
2026-07-11,496,Hunter Dobbins,1498.9
2026-07-11,497,Chris Murphy,1498.9
2026-07-11,498,Chris Devenski,1498.9
2026-07-11,499,Héctor Santiago,1498.8
2026-07-11,500,Justin Garza,1498.8
2026-07-11,501,Buck Farmer,1498.8
2026-07-11,502,Josh Osich,1498.8
2026-07-11,503,Mark Leiter Jr.,1498.8
2026-07-11,504,Kyle Zimmer,1498.8
2026-07-11,505,Ryan Walker,1498.8
2026-07-11,506,Keynan Middleton,1498.8
2026-07-11,507,Carlos Rodriguez,1498.8
2026-07-11,508,David Hale,1498.8
2026-07-11,509,Max Kranick,1498.7
2026-07-11,510,Daniel Lynch IV,1498.7
2026-07-11,511,Ashton Goudeau,1498.7
2026-07-11,512,Connor Brogdon,1498.7
2026-07-11,513,Kyle Backhus,1498.6
2026-07-11,514,José Ruiz,1498.6
2026-07-11,515,Bryan Baker,1498.6
2026-07-11,516,Paul Campbell,1498.6
2026-07-11,517,Rob Zastryzny,1498.5
2026-07-11,518,Brock Burke,1498.5
2026-07-11,519,Garrett Richards,1498.5
2026-07-11,520,Tommy Nance,1498.4
2026-07-11,521,Michael Kopech,1498.4
2026-07-11,522,Matt Swarmer,1498.3
2026-07-11,523,Mason Miller,1498.3
2026-07-11,524,Reiss Knehr,1498.3
2026-07-11,525,Francisco Pérez,1498.3
2026-07-11,526,Scott Kazmir,1498.3
2026-07-11,527,Chase Silseth,1498.3
2026-07-11,528,Matt Hall,1498.3
2026-07-11,529,Tatsuya Imai,1498.3
2026-07-11,530,Lucas Gilbreath,1498.2
2026-07-11,531,Scott McGough,1498.2
2026-07-11,532,Alec Marsh,1498.2
2026-07-11,533,Tyler Ivey,1498.2
2026-07-11,534,Christian Scott,1498.2
2026-07-11,535,Tyler Chatwood,1498.2
2026-07-11,536,Sam Howard,1498.2
2026-07-11,537,Kyle Funkhouser,1498.2
2026-07-11,538,Matt Foster,1498.2
2026-07-11,539,Ross Detwiler,1498.2
2026-07-11,540,Austin Brice,1498.1
2026-07-11,541,Luis Oviedo,1498.1
2026-07-11,542,Sean Reynolds,1498.1
2026-07-11,543,Thomas Harrington,1498.1
2026-07-11,544,Hans Crouse,1498.1
2026-07-11,545,Levi Stoudt,1498.1
2026-07-11,546,Brandon Waddell,1498.0
2026-07-11,547,Trevor Kelley,1498.0
2026-07-11,548,Jimmy Yacabonis,1498.0
2026-07-11,549,Jaime Barria,1498.0
2026-07-11,550,Austin Warren,1498.0
2026-07-11,551,Thomas Szapucki,1498.0
2026-07-11,552,Jackson Tetreault,1498.0
2026-07-11,553,Roansy Contreras,1498.0
2026-07-11,554,Rony García,1498.0
2026-07-11,555,Matt Andriese,1497.9
2026-07-11,556,Cody Bradford,1497.9
2026-07-11,557,David Price,1497.9
2026-07-11,558,Cory Abbott,1497.9
2026-07-11,559,Erik Swanson,1497.9
2026-07-11,560,Ethan Small,1497.8
2026-07-11,561,Andrew Wantz,1497.8
2026-07-11,562,Doug Nikhazy,1497.8
2026-07-11,563,Ariel Jurado,1497.8
2026-07-11,564,Matt Brash,1497.8
2026-07-11,565,Lou Trivino III,1497.8
2026-07-11,566,Luis García,1497.7
2026-07-11,567,Brandon Walter,1497.7
2026-07-11,568,Dane Dunning,1497.7
2026-07-11,569,Michael Grove,1497.7
2026-07-11,570,Austin Cox,1497.7
2026-07-11,571,Miguel Yajure,1497.7
2026-07-11,572,Colin Selby,1497.7
2026-07-11,573,Brandon Young,1497.7
2026-07-11,574,George Soriano,1497.6
2026-07-11,575,Yilber Díaz,1497.6
2026-07-11,576,Cam Bedrosian,1497.6
2026-07-11,577,Nick Robertson,1497.5
2026-07-11,578,JT Chargois,1497.5
2026-07-11,579,Drew Anderson,1497.5
2026-07-11,580,Kyle Hurt,1497.5
2026-07-11,581,Jake Reed,1497.5
2026-07-11,582,Dylan Coleman,1497.4
2026-07-11,583,Ky Bush,1497.4
2026-07-11,584,Konnor Pilkington,1497.4
2026-07-11,585,Gordon Graceffo,1497.4
2026-07-11,586,Tim Mayza,1497.3
2026-07-11,587,Jordan Wicks,1497.2
2026-07-11,588,McCade Brown,1497.2
2026-07-11,589,Mike Baumann,1497.1
2026-07-11,590,Dauri Moreta,1497.1
2026-07-11,591,Ross Stripling,1497.1
2026-07-11,592,Seth Frankoff,1497.1
2026-07-11,593,Adrián Martinez,1497.1
2026-07-11,594,Julian Aguiar,1497.1
2026-07-11,595,Aaron Brooks,1497.1
2026-07-11,596,Bailey Falter,1497.0
2026-07-11,597,Beau Burrows,1497.0
2026-07-11,598,Brad Lord,1497.0
2026-07-11,599,Iván Nova,1497.0
2026-07-11,600,Rhett Lowder,1497.0
2026-07-11,601,Deivi García,1497.0
2026-07-11,602,Pierson Ohl,1497.0
2026-07-11,603,Scott Blewett,1496.9
2026-07-11,604,Darren McCaughan,1496.9
2026-07-11,605,Jake Odorizzi,1496.9
2026-07-11,606,Emmet Sheehan,1496.8
2026-07-11,607,Ryan Weiss,1496.8
2026-07-11,608,Albert Suárez,1496.8
2026-07-11,609,Erasmo Ramírez,1496.8
2026-07-11,610,Andrew Morris,1496.8
2026-07-11,611,Daniel Mengden,1496.8
2026-07-11,612,Sam Coonrod,1496.7
2026-07-11,613,Dylan Covey,1496.7
2026-07-11,614,Antonio Santos,1496.7
2026-07-11,615,Austin Pruitt,1496.7
2026-07-11,616,Zack Kelly,1496.7
2026-07-11,617,Tanner Banks,1496.7
2026-07-11,618,Ronny Henriquez,1496.7
2026-07-11,619,Shawn Dubin,1496.6
2026-07-11,620,Dan Altavilla,1496.5
2026-07-11,621,Taylor Widener,1496.5
2026-07-11,622,Tyler Beede,1496.5
2026-07-11,623,Yariel Rodríguez,1496.5
2026-07-11,624,Craig Stammen,1496.5
2026-07-11,625,Jeff Samardzija,1496.5
2026-07-11,626,Josh Rogers,1496.5
2026-07-11,627,Taylor Hearn,1496.5
2026-07-11,628,Josh Tomlin,1496.5
2026-07-11,629,Cristian Javier,1496.4
2026-07-11,630,Ryan Johnson,1496.4
2026-07-11,631,Drew Smith,1496.4
2026-07-11,632,Nick Nastrini,1496.4
2026-07-11,633,Luke Little,1496.3
2026-07-11,634,Matt Dermody,1496.3
2026-07-11,635,Brayan Bello,1496.3
2026-07-11,636,Carson Seymour,1496.3
2026-07-11,637,Danny Coulombe,1496.2
2026-07-11,638,Drew Hutchison,1496.2
2026-07-11,639,Eli Morgan,1496.2
2026-07-11,640,Hayden Wesneski,1496.2
2026-07-11,641,Tommy Romero,1496.2
2026-07-11,642,Aaron Bummer,1496.2
2026-07-11,643,Mitch Farris,1496.1
2026-07-11,644,Cody Bolton,1496.1
2026-07-11,645,Jordan Holloway,1496.1
2026-07-11,646,Mike Mayers,1496.1
2026-07-11,647,Tyson Miller,1496.0
2026-07-11,648,Ray Kerr,1496.0
2026-07-11,649,Adam Plutko,1496.0
2026-07-11,650,George Klassen,1495.9
2026-07-11,651,Jon Lester,1495.9
2026-07-11,652,Wes Parsons,1495.9
2026-07-11,653,Glenn Otto Jr.,1495.8
2026-07-11,654,DJ Herz,1495.8
2026-07-11,655,Jon Duplantier,1495.8
2026-07-11,656,Mitch Keller,1495.7
2026-07-11,657,Griffin Jax,1495.7
2026-07-11,658,Michael Plassmeyer,1495.6
2026-07-11,659,Travis Adams,1495.6
2026-07-11,660,Thomas Eshelman,1495.5
2026-07-11,661,Anthony Molina,1495.5
2026-07-11,662,Ryan Weber,1495.5
2026-07-11,663,Sean Guenther,1495.4
2026-07-11,664,David Hess,1495.4
2026-07-11,665,Jake Faria,1495.4
2026-07-11,666,Chris Archer,1495.4
2026-07-11,667,Jonathan Bowlan,1495.4
2026-07-11,668,Kirk McCarty,1495.3
2026-07-11,669,Trent Thornton,1495.3
2026-07-11,670,Zach Plesac,1495.2
2026-07-11,671,Mike Vasil,1495.2
2026-07-11,672,Wes Benjamin,1495.2
2026-07-11,673,Johan Oviedo,1495.1
2026-07-11,674,Chase De Jong,1495.1
2026-07-11,675,Ian Hamilton,1495.1
2026-07-11,676,Lyon Richardson,1495.0
2026-07-11,677,Stephen Strasburg,1495.0
2026-07-11,678,Kendry Rojas,1495.0
2026-07-11,679,Sammy Peralta,1495.0
2026-07-11,680,Chayce McDermott,1495.0
2026-07-11,681,Seth Johnson,1495.0
2026-07-11,682,Austin Voth,1495.0
2026-07-11,683,Chase Petty,1494.9
2026-07-11,684,Nick Nelson,1494.9
2026-07-11,685,Colten Brewer,1494.9
2026-07-11,686,Erik Miller,1494.9
2026-07-11,687,Ronald Bolaños,1494.9
2026-07-11,688,Andrew Triggs,1494.9
2026-07-11,689,Packy Naughton,1494.9
2026-07-11,690,Dinelson Lamet,1494.9
2026-07-11,691,Blade Tidwell,1494.8
2026-07-11,692,Jonathan Cannon,1494.8
2026-07-11,693,Victor Mederos,1494.8
2026-07-11,694,Alex Young,1494.8
2026-07-11,695,Jackson Stephens,1494.8
2026-07-11,696,T.J. Zeuch,1494.8
2026-07-11,697,Adam Mazur,1494.7
2026-07-11,698,Tommy Milone,1494.7
2026-07-11,699,Cole Sands,1494.7
2026-07-11,700,Luis F. Castillo,1494.7
2026-07-11,701,Shaun Anderson,1494.7
2026-07-11,702,Ty Madden,1494.6
2026-07-11,703,Alec Bettinger,1494.6
2026-07-11,704,Huascar Ynoa,1494.6
2026-07-11,705,Jose Cabrera,1494.6
2026-07-11,706,JR Ritchie,1494.5
2026-07-11,707,Lewis Thorpe,1494.5
2026-07-11,708,Noah Davis,1494.5
2026-07-11,709,Carson Palmquist,1494.4
2026-07-11,710,Richard Bleier,1494.4
2026-07-11,711,John King,1494.3
2026-07-11,712,Scott Barlow,1494.3
2026-07-11,713,Wade LeBlanc,1494.2
2026-07-11,714,Nabil Crismatt,1494.2
2026-07-11,715,Matt Strahm,1494.2
2026-07-11,716,Gunnar Hoglund,1494.1
2026-07-11,717,Matt Koch,1494.1
2026-07-11,718,Fernando Cruz,1494.1
2026-07-11,719,Xzavion Curry,1494.0
2026-07-11,720,Colton Gordon,1494.0
2026-07-11,721,Max Castillo,1493.9
2026-07-11,722,Tucker Davidson,1493.9
2026-07-11,723,Tanner Houck,1493.8
2026-07-11,724,Tyler Holton,1493.7
2026-07-11,725,Davis Daniel,1493.7
2026-07-11,726,Trevor Cahill,1493.7
2026-07-11,727,Derek Holland,1493.7
2026-07-11,728,Spencer Miles,1493.6
2026-07-11,729,Daulton Jefferies,1493.6
2026-07-11,730,Brendan Beck,1493.5
2026-07-11,731,Jake Bloss,1493.4
2026-07-11,732,Nate Pearson,1493.4
2026-07-11,733,Ben Joyce,1493.3
2026-07-11,734,Zach Logue,1493.3
2026-07-11,735,Connor Overton,1493.3
2026-07-11,736,Ryan Brasier,1493.2
2026-07-11,737,Humberto Castellanos,1493.2
2026-07-11,738,Grant Holman,1493.1
2026-07-11,739,Coleman Crow,1493.1
2026-07-11,740,Elieser Hernández,1493.0
2026-07-11,741,Corbin Martin,1492.9
2026-07-11,742,Karl Kauffmann,1492.9
2026-07-11,743,Alex Wood,1492.8
2026-07-11,744,Fraser Ellard,1492.8
2026-07-11,745,Reiver Sanmartin,1492.8
2026-07-11,746,A.J. Puk,1492.8
2026-07-11,747,Jack Leiter,1492.6
2026-07-11,748,Drew Rom,1492.5
2026-07-11,749,Richard Lovelady,1492.5
2026-07-11,750,Lance McCullers Jr.,1492.5
2026-07-11,751,Adam Oller,1492.5
2026-07-11,752,Bryan Hoeing,1492.5
2026-07-11,753,Humberto Mejía,1492.4
2026-07-11,754,Joe Ross,1492.4
2026-07-11,755,Sam Aldegheri,1492.4
2026-07-11,756,Zack Greinke,1492.4
2026-07-11,757,Alex Wells,1492.3
2026-07-11,758,Austin Kitchen,1492.3
2026-07-11,759,Josh Fleming,1492.3
2026-07-11,760,Jordan Yamamoto,1492.2
2026-07-11,761,Grayson Rodriguez,1492.1
2026-07-11,762,Wil Crowe,1492.0
2026-07-11,763,Alan Rangel,1492.0
2026-07-11,764,Zack Godley,1491.9
2026-07-11,765,Matt Bush,1491.9
2026-07-11,766,Kade Morris,1491.9
2026-07-11,767,Bailey Ober,1491.9
2026-07-11,768,Jonah Tong,1491.8
2026-07-11,769,J.P. France,1491.8
2026-07-11,770,Drew Thorpe,1491.7
2026-07-11,771,Jack Dreyer,1491.6
2026-07-11,772,Dylan Dodd,1491.5
2026-07-11,773,Brennan Bernardino,1491.4
2026-07-11,774,Drew Rucinski,1491.4
2026-07-11,775,Josh Lindblom,1491.3
2026-07-11,776,Rick Porcello,1491.3
2026-07-11,777,Ben Casparius,1491.3
2026-07-11,778,J.C. Mejía,1491.2
2026-07-11,779,Hayden Birdsong,1491.2
2026-07-11,780,Valente Bellozo,1491.2
2026-07-11,781,Colin Rea,1491.1
2026-07-11,782,Ljay Newsome,1491.1
2026-07-11,783,Mike Foltynewicz,1491.1
2026-07-11,784,Ty Blach,1491.0
2026-07-11,785,Dylan Bundy,1491.0
2026-07-11,786,Yonny Chirinos,1490.8
2026-07-11,787,Richard Fitts,1490.6
2026-07-11,788,Denyi Reyes,1490.6
2026-07-11,789,Luis Medina,1490.5
2026-07-11,790,Lucas Giolito,1490.5
2026-07-11,791,Jeffrey Springs,1490.3
2026-07-11,792,Jeff Hoffman,1490.2
2026-07-11,793,Jordan Hicks,1490.2
2026-07-11,794,Didier Fuentes,1490.1
2026-07-11,795,Tanner Roark,1490.0
2026-07-11,796,Aaron Nola,1489.9
2026-07-11,797,Tyler Gilbert,1489.9
2026-07-11,798,Logan Evans,1489.9
2026-07-11,799,Cody Ponce,1489.9
2026-07-11,800,Spenser Watkins,1489.8
2026-07-11,801,David Peterson,1489.8
2026-07-11,802,Carlos Hernández,1489.7
2026-07-11,803,Easton Lucas,1489.7
2026-07-11,804,Ryan Castellani,1489.7
2026-07-11,805,Jack Perkins,1489.6
2026-07-11,806,Andrew Painter,1489.4
2026-07-11,807,Kumar Rocker,1489.3
2026-07-11,808,Roddery Muñoz,1489.2
2026-07-11,809,Michael Lorenzen,1489.1
2026-07-11,810,Yoendrys Gómez,1489.1
2026-07-11,811,Justus Sheffield,1489.0
2026-07-11,812,Shane Smith,1489.0
2026-07-11,813,Mitch White,1488.9
2026-07-11,814,Cionel Pérez,1488.8
2026-07-11,815,Ryan Weathers,1488.7
2026-07-11,816,Michael Fulmer,1488.5
2026-07-11,817,Taijuan Walker,1488.5
2026-07-11,818,José Suarez,1488.4
2026-07-11,819,Caden Dana,1488.4
2026-07-11,820,Spencer Arrighetti,1488.3
2026-07-11,821,Connor Phillips,1488.2
2026-07-11,822,Mitch Spence,1488.0
2026-07-11,823,Matt Waldron,1487.9
2026-07-11,824,Bobby Miller,1487.9
2026-07-11,825,Jon Gray,1487.8
2026-07-11,826,Zac Lowther,1487.8
2026-07-11,827,Keegan Thompson,1487.7
2026-07-11,828,Sean Sullivan,1487.7
2026-07-11,829,Jared Shuster,1487.7
2026-07-11,830,Jorge López,1487.7
2026-07-11,831,Orion Kerkering,1487.7
2026-07-11,832,Hurston Waldrep,1487.3
2026-07-11,833,Aaron Ashby,1487.3
2026-07-11,834,Keegan Akin,1487.2
2026-07-11,835,Riley Smith,1487.0
2026-07-11,836,Julio Teheran,1486.9
2026-07-11,837,Luis Cessa,1486.7
2026-07-11,838,Jerad Eickhoff,1486.6
2026-07-11,839,Roki Sasaki,1486.6
2026-07-11,840,Caleb Smith,1486.6
2026-07-11,841,Jackson Kowar,1486.6
2026-07-11,842,Keaton Winn,1486.5
2026-07-11,843,Bruce Zimmermann,1486.3
2026-07-11,844,Chase Dollander,1486.3
2026-07-11,845,Emerson Hancock,1486.3
2026-07-11,846,Sawyer Gipson-Long,1486.3
2026-07-11,847,Jared Jones,1486.2
2026-07-11,848,Simeon Woods Richardson,1486.2
2026-07-11,849,Kohei Arihara,1486.2
2026-07-11,850,Trey Gibson,1486.0
2026-07-11,851,Brandon Williamson,1485.6
2026-07-11,852,JT Brubaker,1485.5
2026-07-11,853,Noah Syndergaard,1485.3
2026-07-11,854,Brandon Bielak,1485.2
2026-07-11,855,Vladimir Gutierrez,1485.2
2026-07-11,856,Shintaro Fujinami,1485.0
2026-07-11,857,Patrick Sandoval,1484.9
2026-07-11,858,Carson Spiers,1484.8
2026-07-11,859,Kai-Wei Teng,1484.8
2026-07-11,860,Bryse Wilson,1484.8
2026-07-11,861,Caleb Kilian,1484.7
2026-07-11,862,Elvin Rodríguez,1484.6
2026-07-11,863,Connor Gillispie,1484.5
2026-07-11,864,Sean Newcomb,1484.5
2026-07-11,865,Jesse Scholtens,1483.8
2026-07-11,866,Matt Shoemaker,1483.7
2026-07-11,867,Matt Manning,1483.6
2026-07-11,868,Rich Hill,1483.5
2026-07-11,869,Chi Chi González,1483.5
2026-07-11,870,Alex Faedo,1483.4
2026-07-11,871,Miles Mikolas,1483.1
2026-07-11,872,Noah Schultz,1482.9
2026-07-11,873,Touki Toussaint,1482.9
2026-07-11,874,Zach Thompson,1482.7
2026-07-11,875,Joe Boyle,1482.6
2026-07-11,876,Chris Paddack,1482.5
2026-07-11,877,Ken Waldichuk,1482.5
2026-07-11,878,Allan Winans,1482.3
2026-07-11,879,Kyle Hart,1482.1
2026-07-11,880,Kyle Muller,1481.5
2026-07-11,881,Edward Cabrera,1481.4
2026-07-11,882,Cal Quantrill,1481.2
2026-07-11,883,Paolo Espino,1481.2
2026-07-11,884,Kutter Crawford,1481.1
2026-07-11,885,Steven Cruz,1480.8
2026-07-11,886,Dakota Hudson,1480.8
2026-07-11,887,Griffin Canning,1480.8
2026-07-11,888,Brad Keller,1480.7
2026-07-11,889,Brandon Pfaadt,1480.6
2026-07-11,890,Joan Adon,1480.4
2026-07-11,891,Mike Burrows,1480.4
2026-07-11,892,Reid Detmers,1480.4
2026-07-11,893,Matthew Liberatore,1480.2
2026-07-11,894,Matt Harvey,1479.6
2026-07-11,895,Cade Cavalli,1479.6
2026-07-11,896,Ryan Gusto,1479.4
2026-07-11,897,Taj Bradley,1479.2
2026-07-11,898,Trevor Williams,1478.8
2026-07-11,899,Jonathan Heasley,1478.1
2026-07-11,900,J.A. Happ,1478.0
2026-07-11,901,Luke Weaver,1477.8
2026-07-11,902,Connor Prielipp,1477.7
2026-07-11,903,José Soriano,1477.5
2026-07-11,904,Andrew Heaney,1477.4
2026-07-11,905,Jake Woodford,1477.3
2026-07-11,906,Mike Minor,1477.0
2026-07-11,907,Jake Arrieta,1476.8
2026-07-11,908,Jack Flaherty,1476.4
2026-07-11,909,Spencer Howard,1476.3
2026-07-11,910,Vince Velasquez,1475.9
2026-07-11,911,Osvaldo Bido,1475.6
2026-07-11,912,James Paxton,1475.2
2026-07-11,913,MacKenzie Gore,1474.9
2026-07-11,914,Logan Allen,1473.9
2026-07-11,915,Madison Bumgarner,1473.5
2026-07-11,916,Connor Seabold,1473.4
2026-07-11,917,Kyle Hendricks,1473.2
2026-07-11,918,Jacob Lopez,1471.9
2026-07-11,919,Joey Wentz,1471.9
2026-07-11,920,Graham Ashcraft,1471.8
2026-07-11,921,Kenta Maeda,1471.7
2026-07-11,922,JP Sears,1471.4
2026-07-11,923,Zebby Matthews,1471.0
2026-07-11,924,Carlos Martinez,1471.0
2026-07-11,925,Steven Matz,1470.8
2026-07-11,926,Aaron Civale,1470.8
2026-07-11,927,Zach Davies,1470.6
2026-07-11,928,Yusei Kikuchi,1469.2
2026-07-11,929,Luis Severino,1468.9
2026-07-11,930,Dallas Keuchel,1468.3
2026-07-11,931,Ryne Nelson,1467.8
2026-07-11,932,Tommy Henry,1467.6
2026-07-11,933,Sean Manaea,1466.7
2026-07-11,934,Chad Kuhl,1466.7
2026-07-11,935,Erick Fedde,1466.3
2026-07-11,936,Jake Irvin,1465.9
2026-07-11,937,Joey Estes,1465.1
2026-07-11,938,Will Warren,1462.1
2026-07-11,939,Bradley Blalock,1462.0
2026-07-11,940,Carlos Carrasco,1461.4
2026-07-11,941,Cade Povich,1461.0
2026-07-11,942,Germán Márquez,1460.6
2026-07-11,943,Michael Soroka,1458.8
2026-07-11,944,Chase Anderson,1456.2
2026-07-11,945,Jordan Lyles,1450.2
2026-07-11,946,Tanner Gordon,1449.3
2026-07-11,947,Mitchell Parker,1449.1
2026-07-11,948,Kyle Gibson,1448.5
2026-07-11,949,José Ureña,1447.5
2026-07-11,950,Ryan Feltner,1446.8
2026-07-11,951,Chris Flexen,1446.0
2026-07-11,952,Austin Gomber,1443.9
2026-07-11,953,Jack Kochanowicz,1443.3
2026-07-11,954,Patrick Corbin,1422.7
2026-07-11,955,Antonio Senzatela,1422.5
2026-07-11,956,Kyle Freeland,1419.0
